1,Flora,Sherman,37,Vome Trail,Ubehafit,NC,04790,$4293.90,RED,12/11/1959
2,Wayne,Green,18,Nahe Circle,Zukazze,WA,36152,$4644.35,WHITE,08/23/1908
3,Jeffery,Weaver,33,Lobsec Terrace,Biedrub,MS,04357,$8009.82,RED,07/31/1949
4,Minnie,Carter,18,Ofetaz Lane,Delilej,TN,47961,$4441.59,BLUE,08/14/2031
5,Douglas,Cole,23,Mevu Lane,Tukunuc,IL,08483,$7198.52,BLUE,03/20/2004
6,Mason,Fields,26,Dowad Turnpike,Becekad,ID,68056,$7236.41,WHITE,04/22/1999
7,Winifred,Martinez,65,Ariha Circle,Eguosra,VA,18826,$372.52,RED,09/05/2045
8,Leah,Griffin,28,Pidaf Key,Mupuwa,PA,76778,$7835.27,BLUE,08/26/2059
9,Edward,Waters,55,Kucza Park,Imupija,RI,63010,$5511.98,GREEN,03/25/1934
10,Lettie,Carter,64,Onowu Plaza,Cacivwib,RI,78591,$3143.40,BLUE,09/22/1952
11,Estelle,Chambers,54,Bosket Way,Koloul,CA,27086,$6720.56,GREEN,04/16/2021
12,Beatrice,Watkins,29,Waeb Place,Robitmo,GA,72859,$9016.37,BLUE,01/25/1902
13,Martha,Knight,36,Ohitir Mill,Ilnueze,OK,87220,$4628.37,RED,03/27/2035
14,Ina,Greene,33,Evasus Plaza,Hidihub,OH,50477,$4970.47,RED,04/03/1910
15,Abbie,Walton,47,Kipvup River,Gesuuho,DC,23967,$823.47,BLUE,04/04/1965
16,Sadie,Copeland,54,Pewsip River,Fizopbuj,MO,53389,$3840.79,RED,07/14/1909
17,Mollie,Figueroa,55,Seke Junction,Vigobup,AL,47495,$5079.55,GREEN,05/07/1980
18,Mathilda,Griffith,59,Uvuzi Ridge,Lalzina,FL,49207,$904.76,WHITE,06/15/1980
19,Maggie,Gray,27,Copja Glen,Vublivdaf,MI,43676,$3442.85,WHITE,04/04/2060
20,Devin,Poole,61,Pidoz Grove,Ohahuge,NV,74487,$7075.73,WHITE,09/01/2068
21,Antonio,Long,50,Tejah Place,Angegwo,AR,65097,$1054.74,GREEN,11/21/2054
22,Beatrice,Casey,57,Zidtec Key,Suwenafat,ID,28647,$8705.13,GREEN,10/24/1949
23,Jennie,Bishop,48,Gokoco Terrace,Jupado,FL,73593,$304.00,GREEN,02/26/1948
24,Gabriel,Barnett,55,Hizwa Point,Wezivwac,MO,53377,$5415.57,YELLOW,10/24/1949
25,Samuel,Osborne,37,Diwa Drive,Katzafson,HI,78385,$530.18,GREEN,05/13/1925
26,Adeline,Adams,27,Rubce Heights,Covticuv,NH,20971,$849.44,RED,05/30/2002
27,Marion,Webb,41,Watbuw Park,Honbimnuc,IL,36005,$1937.48,YELLOW,09/03/2007
28,Rena,Keller,49,Uluze Street,Vobade,VT,64306,$2413.36,WHITE,05/07/2037
29,Edgar,Freeman,47,Ahhe Point,Tiewni,DE,62758,$4096.18,RED,12/20/2024
30,Mabelle,Moody,45,Humfi Pass,Ogitizos,ID,07550,$8465.62,RED,09/25/2068
31,Harriet,Turner,22,Bokbo Plaza,Damifu,WV,59735,$3995.36,WHITE,03/18/2031
32,Mathilda,Green,25,Garliv Way,Ronewpif,NJ,12610,$394.57,RED,03/16/2012
33,Cody,Watson,58,Asita Pass,Lamhugeg,CA,47209,$3443.58,YELLOW,12/08/1916
34,George,Black,46,Ukuek Way,Romrape,DC,86882,$2015.60,GREEN,07/17/1905
35,Clarence,Franklin,48,Oluba Highway,Uhasocaz,OK,55334,$5667.35,YELLOW,01/21/2034
36,Lulu,Mitchell,34,Koucu Lane,Eceukbu,MS,08117,$4098.10,YELLOW,04/30/1971
37,Lida,Kennedy,39,Tabso Ridge,Jerlufaj,NE,34033,$8472.99,GREEN,07/11/2058
38,Essie,Huff,63,Sepwir Ridge,Wirmewfuf,VA,90978,$2025.32,YELLOW,11/08/2028
39,Rose,Holland,32,Zamvo Street,Edazoru,WY,61821,$4222.17,BLUE,01/09/1952
40,Herman,Robertson,19,Licur Junction,Abozuza,IN,99888,$8892.96,BLUE,11/18/2062
41,Willie,Campbell,34,Nawi Parkway,Ahirumem,CT,81675,$1891.79,YELLOW,01/22/2024
42,Hunter,Malone,31,Regse Way,Cifetizo,MO,25340,$7868.77,WHITE,09/12/2020
43,Ricardo,Singleton,38,Midjeg Street,Cozuba,WA,08682,$6025.89,YELLOW,08/27/2024
44,Gussie,Castro,18,Vocu Place,Mazuvki,OK,43143,$5453.08,BLUE,06/28/1953
45,Michael,Gardner,41,Tazvud Trail,Suudagap,FL,94953,$5693.47,YELLOW,08/01/1946
46,Noah,Love,59,Makre Pass,Sowanle,AK,21075,$1885.92,BLUE,04/17/1930
47,David,Frazier,52,Zenoc Turnpike,Asmukte,KS,87939,$3393.27,YELLOW,02/06/2002
48,Allen,Francis,20,Dojve Avenue,Hozmonhe,MI,37589,$3059.30,BLUE,10/25/1949
49,Clifford,Wade,18,Zabak River,Fezetlu,ND,91795,$5343.28,GREEN,01/26/1957
50,Susie,Weber,50,Bigcen Ridge,Bicpadhu,AK,65995,$7937.90,YELLOW,12/18/2050
51,Luke,Wolfe,22,Tifsa Pass,Himafet,ND,67968,$9685.18,BLUE,04/03/2026
52,Franklin,Weber,61,Lacu Boulevard,Zajvibver,NV,53581,$334.74,BLUE,10/27/2047
53,Joseph,Knight,42,Savic Heights,Momufef,TX,29355,$4667.07,WHITE,04/30/1932
54,Myra,Wong,62,Ewacin Center,Tirecmi,LA,78612,$3381.41,GREEN,05/28/1952
55,Inez,Cummings,37,Sizgo Park,Golomiv,HI,23370,$3061.24,YELLOW,07/22/1975
56,Harry,Cole,62,Sulfo Turnpike,Jowadib,GA,64286,$4129.53,YELLOW,12/15/1931
57,Lou,Palmer,45,Citof Circle,Jazumler,CT,58974,$5140.12,RED,06/05/2063
58,Bradley,Larson,19,Jasez Court,Ifjunu,MT,98028,$68.33,GREEN,02/19/1977
59,Theresa,Mendoza,57,Roful Highway,Giwoow,GA,99422,$9554.07,GREEN,01/29/2009
60,Chris,Pierce,35,Fuvlu Junction,Tecunnul,NY,74686,$2590.63,BLUE,07/14/1976
61,Olivia,Peterson,33,Umufu Heights,Ujnegpah,UT,79421,$6776.70,RED,11/05/2013
62,Craig,Lloyd,33,Cugdik Heights,Zaszefa,WA,84154,$1637.41,BLUE,04/04/2012
63,Allen,Graham,47,Kimtu Extension,Zoralaro,DE,10037,$4278.26,WHITE,08/01/1986
64,Gertrude,Snyder,63,Ardip Junction,Cojbiumo,HI,77703,$1289.95,GREEN,07/03/1941
65,Jessie,Olson,51,Tulu Trail,Ubamipaka,PA,37697,$6102.95,WHITE,04/13/2051
66,Nell,May,42,Bifti Avenue,Onunidmo,VT,10424,$6475.65,RED,03/06/2066
67,Viola,McCarthy,23,Midku Highway,Bigiebi,NH,34554,$6943.61,YELLOW,10/02/1946
68,Kevin,Ryan,57,Defat Pike,Cultijjoz,TN,63217,$9364.60,RED,01/14/1964
69,Belle,Moreno,43,Totip Lane,Eribomiw,UT,81453,$9472.71,RED,11/14/2035
70,Johnny,Edwards,47,Sosaf Place,Mujwiose,NC,50027,$2505.94,GREEN,04/16/2007
71,Alfred,Hawkins,55,Vugugu Path,Irfefwof,NM,98180,$9102.76,BLUE,11/03/2053
72,Adrian,White,31,Tevub View,Zepucukob,VT,18603,$5965.67,RED,08/07/1911
73,Nathaniel,Gilbert,44,Vudcep Avenue,Saharib,MO,29081,$6012.72,GREEN,07/22/2040
74,Leah,Harvey,54,Igenas Heights,Nadummug,IA,56677,$2613.95,YELLOW,11/18/1943
75,Virginia,Arnold,58,Aggec Parkway,Togewco,RI,95982,$6724.96,YELLOW,07/29/1933
76,Douglas,Castillo,50,Edare Circle,Enifujboz,CO,22522,$4684.80,GREEN,01/01/1982
77,Johanna,Ruiz,29,Fedheg Way,Hiicifa,TN,49026,$5427.71,BLUE,11/29/2039
78,Augusta,Byrd,33,Jebhir Glen,Votuba,WA,88945,$3691.54,WHITE,05/25/2015
79,George,Hubbard,37,Zekud Plaza,Esoebfaf,HI,81607,$3349.33,RED,06/10/1945
80,Thomas,Douglas,55,Korib Heights,Viusak,NH,63825,$1362.39,YELLOW,04/07/2030
81,Jeremy,Harris,57,Howu Loop,Dosapvo,AR,31955,$3217.20,RED,03/19/1990
82,Beatrice,Wilkins,51,Enpuv Trail,Fiarpis,MD,13391,$3807.29,WHITE,05/24/2069
83,Mathilda,McGee,51,Zadda River,Bopopiwal,MO,59869,$4602.84,YELLOW,11/13/2035
84,Christina,Ward,55,Juzeg Pike,Ihelwi,OK,23642,$4560.32,YELLOW,10/16/2005
85,Jared,Joseph,36,Vavi Pass,Libtoupe,CA,56136,$2056.84,GREEN,12/21/2034
86,Nina,Reyes,60,Zowos Grove,Sebimi,MN,51830,$4312.00,YELLOW,09/22/1912
87,Winifred,Myers,62,Tilow Extension,Ezunugo,KS,11016,$5312.04,WHITE,04/15/1923
88,Craig,Cole,25,Ughub Pass,Abakumob,OH,46831,$9076.71,WHITE,03/04/1900
89,Hallie,Pierce,29,Wukew Parkway,Cejiso,IN,77667,$6881.84,YELLOW,09/21/2013
90,Florence,Cunningham,43,Cujke Plaza,Bihlule,WA,58649,$8839.45,BLUE,06/10/1928
91,Austin,Maxwell,34,Pudric Pike,Atludik,AR,32964,$1317.20,BLUE,11/28/2059
92,Eddie,Patton,47,Gufo River,Iziohoro,PA,49375,$7982.89,BLUE,08/09/1947
93,Esther,Moss,54,Uvuno Turnpike,Wunhemifu,OR,19337,$9488.50,RED,05/14/1944
94,Hattie,Flores,23,Makoj Place,Mabirzon,VA,47359,$2473.58,WHITE,12/29/2055
95,Olga,French,18,Ucovo Extension,Hicsilso,DC,46631,$6159.98,WHITE,12/17/1928
96,Rosa,Marsh,33,Cobuma Mill,Fidani,IN,08706,$3015.68,RED,08/18/1912
97,Carl,Elliott,33,Nibte River,Nezizvic,TN,77747,$2652.90,BLUE,03/02/1980
98,Derrick,Russell,40,Ajma Mill,Vewowo,HI,04005,$5912.64,YELLOW,08/23/2017
99,Catherine,Burgess,41,Muhej Avenue,Vakiztu,GA,27632,$4834.73,WHITE,05/20/2002
100,Alfred,Holland,64,Kuptu Point,Mecpapi,DE,40369,$2264.47,BLUE,02/24/1987